id,system,compared_to,source,version,location,hardware,datasets,operation_mix,batch_size,consistency,timing_boundary,statistic,value,unit,value_kind,notes
L1,GPMA+,GPMA,GPMA-TR,arXiv 1709.05061v2,Sec 6.2 / Fig 7,3x GeForce TITAN X; i7-5820k; CUDA 7.5,"Reddit, Pokec, Graph500, Random",sliding window insert+delete,1..1M (base 2),none (batch),average update latency per batch,max speedup over sweep,18.30,x,exact (text),GPMA faster than GPMA+ for small batches
L2,GPMA+,PMA (CPU),GPMA-TR,arXiv 1709.05061v2,Sec 6.2 / Fig 7,same,same,same,1..1M,none,same,max speedup,20.42,x,exact (text),
L3,GPMA+ / GPMA,-,GPMA-TR,arXiv 1709.05061v2,Fig 7 curves,same,same,same,1..1M,none,latency,per-batch latency curves,-,ms,not digitized,curves available in PDF p.18; digitize only if needed
L4,LPMA-H,GPMA+,LPMA,PKU preprint,Sec 7.3 / Fig 13,Tesla P100; Xeon E5-2640; CUDA 7.5,"Orkut, LiveJournal, Pokec, cit-Patents, Road, Stack, Wiki, Graph500",insertion batches,10^4,none,latency per batch,speedup range,6-9,x,exact (text),
L5,LPMA-H,GPMA+,LPMA,PKU preprint,Sec 7.3 / Fig 13,same,same,insertion batches,10^5,none,latency per batch,speedup range,10-20,x,exact (text),
L6,LPMA-H,faimGraph,LPMA,PKU preprint,Sec 7.3,same,"Orkut, LiveJournal, Pokec, cit-Patents",insertion,10^4,none,latency,speedup range,1.4-1.7,x,exact (text),faimGraph 1.1x faster on small even-degree graph
L7,Hornet,-,SLABGRAPH,IPDPS 2020,Table II,TITAN V 12GB; Xeon E5-2637,Table I (12 graphs),edge insertion,65536,none,excludes CPU-GPU transfer,mean over datasets,33.67,MEdge/s,exact (table),
L8,faimGraph,-,SLABGRAPH,IPDPS 2020,Table II,same,same,edge insertion,65536,none,excludes transfer,mean,92.47,MEdge/s,exact (table),page size 128 B
L9,SlabGraph,-,SLABGRAPH,IPDPS 2020,Table II,same,same,edge insertion,65536,none,excludes transfer,mean,501.33,MEdge/s,exact (table),
L10,Hornet,-,SLABGRAPH,IPDPS 2020,Table II,same,same,edge insertion,524288,none,excludes transfer,mean,70.81,MEdge/s,exact (table),
L11,faimGraph,-,SLABGRAPH,IPDPS 2020,Table II,same,same,edge insertion,524288,none,excludes transfer,mean,188.98,MEdge/s,exact (table),
L12,SlabGraph,-,SLABGRAPH,IPDPS 2020,Table II,same,same,edge insertion,524288,none,excludes transfer,mean,641.25,MEdge/s,exact (table),
L13,SlabGraph,-,SLABGRAPH,IPDPS 2020,Table III,same,same,edge deletion,65536,none,excludes transfer,mean,640.63,MEdge/s,exact (table),Hornet 91.73; faimGraph 111.71
L14,Meerkat,Hornet,MEERKAT-PRE,arXiv 2305.17813 v1+v2,Abstract / Sec 1,RTX 2080 Ti,real-world graphs (Table 5),bulk insert,bulk,none,-,headline speedup,12.94,x,exact (text),record separately from IJPP 2024 journal version
L15,Meerkat,Hornet,MEERKAT-PRE,arXiv 2305.17813 v1+v2,Abstract / Sec 1,RTX 2080 Ti,same,bulk delete,bulk,none,-,headline speedup,6.1,x,exact (text),
L16,Meerkat,Hornet,MEERKAT-PRE,arXiv 2305.17813 v1+v2,Abstract,RTX 2080 Ti,same,query,-,none,-,headline speedup,12.6,x,exact (text),
L17,Hornet,Meerkat,MEERKAT-PRE,arXiv 2305.17813 v2,body text (triangle counting comparison),RTX 2080 Ti,same,triangle counting,-,none,-,average speedup of Hornet,31.12,x,exact (text),up to 59.34x
L18,GTX,best competitor (LiveGraph/Teseo/Sortledton),GTX,arXiv 2405.01418v2,Sec 1 / Sec 10,Xeon Platinum 8368 (1 NUMA node),timestamp-ordered power-law graphs,edge-insert transactions,-,SI,transaction throughput,max ratio,11,x,exact (text),random-order power-law: up to 2x
L19,GTX,best competitor,GTX,arXiv 2405.01418v2,Sec 1,same,power-law,update txns + concurrent analytics (write-heavy),-,SI,throughput,max ratio,5.3,x,exact (text),balanced: 3.7x; analytics 0.95-2x slower
