label,sys,rep,ms,batches,edges,effective,edges_per_s,eff_per_s,p50_batch_ms,p99_batch_ms,bytes,verify,batch,args,timestamp
uniform-ins-K1,gpma-upstream,0,116.2301,16,1048576,1048572,9021549.5,9021515.1,7.1598,7.8920,134217728,PASS,65536,--V 1048576 --N 1048576 --K 1 --init 4000000 --pins 1,2026-09-28 16:08:06
uniform-ins-K1,gpma-upstream,1,118.2853,16,1048576,1048572,8864803.1,8864769.3,7.5008,7.9217,134217728,PASS,65536,--V 1048576 --N 1048576 --K 1 --init 4000000 --pins 1,2026-09-28 16:08:06
uniform-ins-K1,gpma-upstream,2,118.4174,16,1048576,1048572,8854914.3,8854880.5,7.1741,8.1613,134217728,PASS,65536,--V 1048576 --N 1048576 --K 1 --init 4000000 --pins 1,2026-09-28 16:08:06
uniform-ins-K1,gpma-upstream,3,117.2767,16,1048576,1048572,8941045.0,8941010.9,7.4076,8.1285,134217728,PASS,65536,--V 1048576 --N 1048576 --K 1 --init 4000000 --pins 1,2026-09-28 16:08:06
uniform-ins-K1,gpma-upstream,4,116.5425,16,1048576,1048572,8997372.9,8997338.5,7.4936,7.8889,134217728,PASS,65536,--V 1048576 --N 1048576 --K 1 --init 4000000 --pins 1,2026-09-28 16:08:06
uniform-ins-K1,gpma-port,0,115.4355,16,1048576,1048572,9083656.2,9083621.5,7.1967,7.7486,134217728,PASS,65536,--V 1048576 --N 1048576 --K 1 --init 4000000 --pins 1,2026-09-28 16:08:16
uniform-ins-K1,gpma-port,1,116.1247,16,1048576,1048572,9029743.5,9029709.1,7.2131,8.1142,134217728,PASS,65536,--V 1048576 --N 1048576 --K 1 --init 4000000 --pins 1,2026-09-28 16:08:16
uniform-ins-K1,gpma-port,2,117.1855,16,1048576,1048572,8948000.9,8947966.8,7.4588,8.1910,134217728,PASS,65536,--V 1048576 --N 1048576 --K 1 --init 4000000 --pins 1,2026-09-28 16:08:16
uniform-ins-K1,gpma-port,3,114.6501,16,1048576,1048572,9145878.5,9145843.6,7.1946,7.7804,134217728,PASS,65536,--V 1048576 --N 1048576 --K 1 --init 4000000 --pins 1,2026-09-28 16:08:16
uniform-ins-K1,gpma-port,4,117.4272,16,1048576,1048572,8929583.7,8929549.6,7.3533,8.2668,134217728,PASS,65536,--V 1048576 --N 1048576 --K 1 --init 4000000 --pins 1,2026-09-28 16:08:16
uniform-ins-K1,gpma-upstream,0,84.6305,2,1048576,1048572,12390044.5,12389997.2,43.4422,41.1884,134217728,PASS,524288,--V 1048576 --N 1048576 --K 1 --init 4000000 --pins 1,2026-09-28 16:08:25
uniform-ins-K1,gpma-upstream,1,89.0327,2,1048576,1048572,11777425.1,11777380.2,45.2628,43.7699,134217728,PASS,524288,--V 1048576 --N 1048576 --K 1 --init 4000000 --pins 1,2026-09-28 16:08:25
uniform-ins-K1,gpma-upstream,2,83.3290,2,1048576,1048572,12583562.5,12583514.5,42.6476,40.6815,134217728,PASS,524288,--V 1048576 --N 1048576 --K 1 --init 4000000 --pins 1,2026-09-28 16:08:25
uniform-ins-K1,gpma-upstream,3,84.8589,2,1048576,1048572,12356702.8,12356655.7,44.1897,40.6692,134217728,PASS,524288,--V 1048576 --N 1048576 --K 1 --init 4000000 --pins 1,2026-09-28 16:08:25
uniform-ins-K1,gpma-upstream,4,83.7417,2,1048576,1048572,12521552.1,12521504.3,42.9599,40.7818,134217728,PASS,524288,--V 1048576 --N 1048576 --K 1 --init 4000000 --pins 1,2026-09-28 16:08:25
uniform-ins-K1,gpma-port,0,82.5119,2,1048576,1048572,12708183.5,12708135.0,43.0592,39.4527,134217728,PASS,524288,--V 1048576 --N 1048576 --K 1 --init 4000000 --pins 1,2026-09-28 16:08:34
uniform-ins-K1,gpma-port,1,82.8805,2,1048576,1048572,12651659.3,12651611.0,41.7321,41.1484,134217728,PASS,524288,--V 1048576 --N 1048576 --K 1 --init 4000000 --pins 1,2026-09-28 16:08:34
uniform-ins-K1,gpma-port,2,84.4165,2,1048576,1048572,12421456.2,12421408.8,44.3412,40.0753,134217728,PASS,524288,--V 1048576 --N 1048576 --K 1 --init 4000000 --pins 1,2026-09-28 16:08:34
uniform-ins-K1,gpma-port,3,85.4170,2,1048576,1048572,12275969.9,12275923.0,45.0068,40.4101,134217728,PASS,524288,--V 1048576 --N 1048576 --K 1 --init 4000000 --pins 1,2026-09-28 16:08:34
uniform-ins-K1,gpma-port,4,83.1488,2,1048576,1048572,12610837.5,12610789.3,42.3987,40.7501,134217728,PASS,524288,--V 1048576 --N 1048576 --K 1 --init 4000000 --pins 1,2026-09-28 16:08:34
hub50-ins-K1,gpma-upstream,0,69.9105,16,1048576,585770,14998835.1,8378856.3,4.1564,5.0012,134217728,FAIL,65536,--V 1048576 --N 1048576 --K 1 --init 4000000 --src hub --hub 0.5 --pins 1,2026-09-28 16:08:40
hub50-ins-K1,gpma-upstream,1,70.8352,16,1048576,585770,14803035.8,8269476.2,4.2332,5.1303,134217728,FAIL,65536,--V 1048576 --N 1048576 --K 1 --init 4000000 --src hub --hub 0.5 --pins 1,2026-09-28 16:08:40
hub50-ins-K1,gpma-upstream,2,70.7020,16,1048576,585770,14830914.2,8285050.0,4.1871,5.0688,134217728,FAIL,65536,--V 1048576 --N 1048576 --K 1 --init 4000000 --src hub --hub 0.5 --pins 1,2026-09-28 16:08:40
hub50-ins-K1,gpma-upstream,3,70.9120,16,1048576,585770,14787010.4,8260523.9,4.2097,5.0309,134217728,FAIL,65536,--V 1048576 --N 1048576 --K 1 --init 4000000 --src hub --hub 0.5 --pins 1,2026-09-28 16:08:40
hub50-ins-K1,gpma-upstream,4,68.9019,16,1048576,585770,15218392.8,8501508.7,4.1585,4.9910,134217728,FAIL,65536,--V 1048576 --N 1048576 --K 1 --init 4000000 --src hub --hub 0.5 --pins 1,2026-09-28 16:08:40
hub50-ins-K1,gpma-port,0,69.8010,16,1048576,585770,15022372.3,8392005.0,4.1984,4.9828,134217728,FAIL,65536,--V 1048576 --N 1048576 --K 1 --init 4000000 --src hub --hub 0.5 --pins 1,2026-09-28 16:08:47
hub50-ins-K1,gpma-port,1,69.2623,16,1048576,585770,15139194.9,8457266.0,4.1728,5.0975,134217728,FAIL,65536,--V 1048576 --N 1048576 --K 1 --init 4000000 --src hub --hub 0.5 --pins 1,2026-09-28 16:08:47
hub50-ins-K1,gpma-port,2,69.2081,16,1048576,585770,15151066.7,8463898.0,4.1472,5.0196,134217728,FAIL,65536,--V 1048576 --N 1048576 --K 1 --init 4000000 --src hub --hub 0.5 --pins 1,2026-09-28 16:08:47
hub50-ins-K1,gpma-port,3,69.4856,16,1048576,585770,15090558.0,8430095.8,4.1452,5.0145,134217728,FAIL,65536,--V 1048576 --N 1048576 --K 1 --init 4000000 --src hub --hub 0.5 --pins 1,2026-09-28 16:08:47
hub50-ins-K1,gpma-port,4,69.8615,16,1048576,585770,15009360.3,8384736.1,4.3244,4.9142,134217728,FAIL,65536,--V 1048576 --N 1048576 --K 1 --init 4000000 --src hub --hub 0.5 --pins 1,2026-09-28 16:08:47
hub50-ins-K1,gpma-upstream,0,56.9180,2,1048576,585770,18422567.5,10291469.0,28.8369,28.0812,134217728,FAIL,524288,--V 1048576 --N 1048576 --K 1 --init 4000000 --src hub --hub 0.5 --pins 1,2026-09-28 16:08:54
hub50-ins-K1,gpma-upstream,1,57.5939,2,1048576,585770,18206386.2,10170702.8,28.9331,28.6607,134217728,FAIL,524288,--V 1048576 --N 1048576 --K 1 --init 4000000 --src hub --hub 0.5 --pins 1,2026-09-28 16:08:54
hub50-ins-K1,gpma-upstream,2,56.5719,2,1048576,585770,18535278.2,10354433.0,28.6300,27.9419,134217728,FAIL,524288,--V 1048576 --N 1048576 --K 1 --init 4000000 --src hub --hub 0.5 --pins 1,2026-09-28 16:08:54
hub50-ins-K1,gpma-upstream,3,55.7199,2,1048576,585770,18818686.2,10512754.3,27.9808,27.7391,134217728,FAIL,524288,--V 1048576 --N 1048576 --K 1 --init 4000000 --src hub --hub 0.5 --pins 1,2026-09-28 16:08:54
hub50-ins-K1,gpma-upstream,4,55.7261,2,1048576,585770,18816611.6,10511595.3,28.4006,27.3254,134217728,FAIL,524288,--V 1048576 --N 1048576 --K 1 --init 4000000 --src hub --hub 0.5 --pins 1,2026-09-28 16:08:54
hub50-ins-K1,gpma-port,0,55.9790,2,1048576,585770,18731593.2,10464101.2,28.3279,27.6511,134217728,FAIL,524288,--V 1048576 --N 1048576 --K 1 --init 4000000 --src hub --hub 0.5 --pins 1,2026-09-28 16:09:01
hub50-ins-K1,gpma-port,1,56.0466,2,1048576,585770,18709005.3,10451482.8,28.2819,27.7647,134217728,FAIL,524288,--V 1048576 --N 1048576 --K 1 --init 4000000 --src hub --hub 0.5 --pins 1,2026-09-28 16:09:01
hub50-ins-K1,gpma-port,2,56.8044,2,1048576,585770,18459430.8,10312062.0,28.9556,27.8487,134217728,FAIL,524288,--V 1048576 --N 1048576 --K 1 --init 4000000 --src hub --hub 0.5 --pins 1,2026-09-28 16:09:01
hub50-ins-K1,gpma-port,3,57.6399,2,1048576,585770,18191831.3,10162571.9,28.9229,28.7171,134217728,FAIL,524288,--V 1048576 --N 1048576 --K 1 --init 4000000 --src hub --hub 0.5 --pins 1,2026-09-28 16:09:01
hub50-ins-K1,gpma-port,4,55.5889,2,1048576,585770,18863047.8,10537536.2,28.0218,27.5671,134217728,FAIL,524288,--V 1048576 --N 1048576 --K 1 --init 4000000 --src hub --hub 0.5 --pins 1,2026-09-28 16:09:01
uniform-churn-K1,gpma-upstream,0,66.5805,16,1048576,1018373,15748985.1,15295354.0,3.9793,4.9900,134217728,FAIL,65536,--V 1048576 --N 1048576 --K 1 --init 4000000 --pins .5 --pdel .5,2026-09-28 16:09:09
uniform-churn-K1,gpma-upstream,1,66.7946,16,1048576,1018373,15698524.1,15246346.5,4.0202,4.8855,134217728,FAIL,65536,--V 1048576 --N 1048576 --K 1 --init 4000000 --pins .5 --pdel .5,2026-09-28 16:09:09
uniform-churn-K1,gpma-upstream,2,64.9216,16,1048576,1018373,16151419.4,15686196.7,4.0796,4.5199,134217728,FAIL,65536,--V 1048576 --N 1048576 --K 1 --init 4000000 --pins .5 --pdel .5,2026-09-28 16:09:09
uniform-churn-K1,gpma-upstream,3,65.2881,16,1048576,1018373,16060745.1,15598134.2,4.1533,4.3991,134217728,FAIL,65536,--V 1048576 --N 1048576 --K 1 --init 4000000 --pins .5 --pdel .5,2026-09-28 16:09:09
uniform-churn-K1,gpma-upstream,4,66.1565,16,1048576,1018373,15849921.1,15393382.7,4.2394,4.5363,134217728,FAIL,65536,--V 1048576 --N 1048576 --K 1 --init 4000000 --pins .5 --pdel .5,2026-09-28 16:09:09
uniform-churn-K1,gpma-port,0,65.1868,16,1048576,1018373,16085706.7,15622376.8,3.8636,4.7063,134217728,FAIL,65536,--V 1048576 --N 1048576 --K 1 --init 4000000 --pins .5 --pdel .5,2026-09-28 16:09:17
uniform-churn-K1,gpma-port,1,67.6547,16,1048576,1018373,15498948.2,15052519.2,4.0448,4.9521,134217728,FAIL,65536,--V 1048576 --N 1048576 --K 1 --init 4000000 --pins .5 --pdel .5,2026-09-28 16:09:17
uniform-churn-K1,gpma-port,2,67.2379,16,1048576,1018373,15595016.8,15145820.7,4.0274,4.7124,134217728,FAIL,65536,--V 1048576 --N 1048576 --K 1 --init 4000000 --pins .5 --pdel .5,2026-09-28 16:09:17
uniform-churn-K1,gpma-port,3,66.7311,16,1048576,1018373,15713459.5,15260851.8,3.9875,4.8661,134217728,FAIL,65536,--V 1048576 --N 1048576 --K 1 --init 4000000 --pins .5 --pdel .5,2026-09-28 16:09:17
uniform-churn-K1,gpma-port,4,66.3839,16,1048576,1018373,15795644.0,15340669.0,3.9516,4.8445,134217728,FAIL,65536,--V 1048576 --N 1048576 --K 1 --init 4000000 --pins .5 --pdel .5,2026-09-28 16:09:17
uniform-churn-K1,gpma-upstream,0,56.2698,2,1048576,1018373,18634784.0,18098031.0,28.3812,27.8886,134217728,FAIL,524288,--V 1048576 --N 1048576 --K 1 --init 4000000 --pins .5 --pdel .5,2026-09-28 16:09:25
uniform-churn-K1,gpma-upstream,1,59.2650,2,1048576,1018373,17692998.8,17183372.7,30.7487,28.5164,134217728,FAIL,524288,--V 1048576 --N 1048576 --K 1 --init 4000000 --pins .5 --pdel .5,2026-09-28 16:09:25
uniform-churn-K1,gpma-upstream,2,55.9790,2,1048576,1018373,18731593.2,18192051.7,28.4979,27.4811,134217728,FAIL,524288,--V 1048576 --N 1048576 --K 1 --init 4000000 --pins .5 --pdel .5,2026-09-28 16:09:25
uniform-churn-K1,gpma-upstream,3,56.3261,2,1048576,1018373,18616151.2,18079934.8,28.7775,27.5487,134217728,FAIL,524288,--V 1048576 --N 1048576 --K 1 --init 4000000 --pins .5 --pdel .5,2026-09-28 16:09:25
uniform-churn-K1,gpma-upstream,4,57.3194,2,1048576,1018373,18293553.9,17766629.5,29.3458,27.9736,134217728,FAIL,524288,--V 1048576 --N 1048576 --K 1 --init 4000000 --pins .5 --pdel .5,2026-09-28 16:09:25
uniform-churn-K1,gpma-port,0,56.6467,2,1048576,1018373,18510797.9,17977616.1,28.4683,28.1784,134217728,FAIL,524288,--V 1048576 --N 1048576 --K 1 --init 4000000 --pins .5 --pdel .5,2026-09-28 16:09:33
uniform-churn-K1,gpma-port,1,56.0701,2,1048576,1018373,18701146.7,18162482.1,28.4570,27.6132,134217728,FAIL,524288,--V 1048576 --N 1048576 --K 1 --init 4000000 --pins .5 --pdel .5,2026-09-28 16:09:33
uniform-churn-K1,gpma-port,2,57.3123,2,1048576,1018373,18295842.4,17768852.1,29.6038,27.7084,134217728,FAIL,524288,--V 1048576 --N 1048576 --K 1 --init 4000000 --pins .5 --pdel .5,2026-09-28 16:09:33
uniform-churn-K1,gpma-port,3,55.1260,2,1048576,1018373,19021436.1,18473545.9,27.7043,27.4217,134217728,FAIL,524288,--V 1048576 --N 1048576 --K 1 --init 4000000 --pins .5 --pdel .5,2026-09-28 16:09:33
uniform-churn-K1,gpma-port,4,57.0112,2,1048576,1018373,18392456.2,17862683.1,28.8256,28.1856,134217728,FAIL,524288,--V 1048576 --N 1048576 --K 1 --init 4000000 --pins .5 --pdel .5,2026-09-28 16:09:33
rmat-churn-K1,gpma-upstream,0,65.7469,16,1048576,1017893,15948665.2,15481981.9,4.1257,4.4083,134217728,FAIL,65536,--V 1048576 --N 1048576 --K 1 --init 4000000 --src rmat --pins .5 --pdel .5,2026-09-28 16:09:41
rmat-churn-K1,gpma-upstream,1,67.5697,16,1048576,1017893,15518443.3,15064349.0,4.0079,5.2081,134217728,FAIL,65536,--V 1048576 --N 1048576 --K 1 --init 4000000 --src rmat --pins .5 --pdel .5,2026-09-28 16:09:41
rmat-churn-K1,gpma-upstream,2,66.0368,16,1048576,1017893,15878669.1,15414034.0,3.9854,4.7933,134217728,FAIL,65536,--V 1048576 --N 1048576 --K 1 --init 4000000 --src rmat --pins .5 --pdel .5,2026-09-28 16:09:41
rmat-churn-K1,gpma-upstream,3,67.1151,16,1048576,1017893,15623554.6,15166384.5,4.0008,4.7759,134217728,FAIL,65536,--V 1048576 --N 1048576 --K 1 --init 4000000 --src rmat --pins .5 --pdel .5,2026-09-28 16:09:41
rmat-churn-K1,gpma-upstream,4,66.6440,16,1048576,1017893,15733997.1,15273595.4,3.9813,4.8026,134217728,FAIL,65536,--V 1048576 --N 1048576 --K 1 --init 4000000 --src rmat --pins .5 --pdel .5,2026-09-28 16:09:41
rmat-churn-K1,gpma-port,0,66.7115,16,1048576,1017893,15718065.0,15258129.4,4.0407,4.8650,134217728,FAIL,65536,--V 1048576 --N 1048576 --K 1 --init 4000000 --src rmat --pins .5 --pdel .5,2026-09-28 16:09:50
rmat-churn-K1,gpma-port,1,66.4300,16,1048576,1017893,15784687.1,15322802.1,3.9731,4.8722,134217728,FAIL,65536,--V 1048576 --N 1048576 --K 1 --init 4000000 --src rmat --pins .5 --pdel .5,2026-09-28 16:09:50
rmat-churn-K1,gpma-port,2,65.3988,16,1048576,1017893,16033570.1,15564402.4,3.9281,4.8138,134217728,FAIL,65536,--V 1048576 --N 1048576 --K 1 --init 4000000 --src rmat --pins .5 --pdel .5,2026-09-28 16:09:50
rmat-churn-K1,gpma-port,3,68.0837,16,1048576,1017893,15401275.3,14950609.5,4.1912,4.9715,134217728,FAIL,65536,--V 1048576 --N 1048576 --K 1 --init 4000000 --src rmat --pins .5 --pdel .5,2026-09-28 16:09:50
rmat-churn-K1,gpma-port,4,65.9682,16,1048576,1017893,15895183.3,15430065.0,4.0141,4.8927,134217728,FAIL,65536,--V 1048576 --N 1048576 --K 1 --init 4000000 --src rmat --pins .5 --pdel .5,2026-09-28 16:09:50
rmat-churn-K1,gpma-upstream,0,53.7221,2,1048576,1017893,19518518.3,18947375.4,27.7217,26.0004,134217728,FAIL,524288,--V 1048576 --N 1048576 --K 1 --init 4000000 --src rmat --pins .5 --pdel .5,2026-09-28 16:09:58
rmat-churn-K1,gpma-upstream,1,53.2265,2,1048576,1017893,19700263.7,19123802.6,27.4934,25.7331,134217728,FAIL,524288,--V 1048576 --N 1048576 --K 1 --init 4000000 --src rmat --pins .5 --pdel .5,2026-09-28 16:09:58
rmat-churn-K1,gpma-upstream,2,54.5219,2,1048576,1017893,19232213.8,18669448.7,27.4862,27.0356,134217728,FAIL,524288,--V 1048576 --N 1048576 --K 1 --init 4000000 --src rmat --pins .5 --pdel .5,2026-09-28 16:09:58
rmat-churn-K1,gpma-upstream,3,53.8051,2,1048576,1017893,19488428.9,18918166.5,27.7811,26.0239,134217728,FAIL,524288,--V 1048576 --N 1048576 --K 1 --init 4000000 --src rmat --pins .5 --pdel .5,2026-09-28 16:09:58
rmat-churn-K1,gpma-upstream,4,54.4870,2,1048576,1017893,19244503.1,18681378.3,27.4524,27.0346,134217728,FAIL,524288,--V 1048576 --N 1048576 --K 1 --init 4000000 --src rmat --pins .5 --pdel .5,2026-09-28 16:09:58
rmat-churn-K1,gpma-port,0,53.5736,2,1048576,1017893,19572613.2,18999887.4,27.2415,26.3322,134217728,FAIL,524288,--V 1048576 --N 1048576 --K 1 --init 4000000 --src rmat --pins .5 --pdel .5,2026-09-28 16:10:06
rmat-churn-K1,gpma-port,1,54.5352,2,1048576,1017893,19227519.5,18664891.7,28.2337,26.3014,134217728,FAIL,524288,--V 1048576 --N 1048576 --K 1 --init 4000000 --src rmat --pins .5 --pdel .5,2026-09-28 16:10:06
rmat-churn-K1,gpma-port,2,53.0381,2,1048576,1017893,19770248.0,19191739.1,26.5994,26.4387,134217728,FAIL,524288,--V 1048576 --N 1048576 --K 1 --init 4000000 --src rmat --pins .5 --pdel .5,2026-09-28 16:10:06
rmat-churn-K1,gpma-port,3,52.8323,2,1048576,1017893,19847268.9,19266506.3,26.6557,26.1765,134217728,FAIL,524288,--V 1048576 --N 1048576 --K 1 --init 4000000 --src rmat --pins .5 --pdel .5,2026-09-28 16:10:06
rmat-churn-K1,gpma-port,4,53.4508,2,1048576,1017893,19617609.8,19043567.3,27.7955,25.6553,134217728,FAIL,524288,--V 1048576 --N 1048576 --K 1 --init 4000000 --src rmat --pins .5 --pdel .5,2026-09-28 16:10:06
