label,vs,speedup,ci_lo,ci_hi,note
SER-hub50-rw-K4,gtx-cons,1.00,0.87,1.16,
SER-hub50-rw-K4,2pl,>15309,,,baseline did not finish
SER-hub50-rw-K4,stm,317.03,274.43,433.87,
SER-hub50-rw-K4,stm-nodeg,0.88,0.76,0.90,
SER-uniform-rw-K4,gtx-cons,1.10,0.98,1.12,
SER-uniform-rw-K4,2pl,0.62,0.57,0.81,
SER-uniform-rw-K4,stm,2.26,2.00,2.30,
SER-uniform-rw-K4,stm-nodeg,1.19,0.92,1.21,
SER-zipf-rw-K4,gtx-cons,1.01,0.92,1.08,
SER-zipf-rw-K4,2pl,1471.11,1394.43,1544.20,
SER-zipf-rw-K4,stm,196.87,186.61,262.18,
SER-zipf-rw-K4,stm-nodeg,0.64,0.61,0.75,
SI-hub50-rw-K4,gtx-cons,0.91,0.90,1.01,
SI-uniform-rw-K4,gtx-cons,1.12,0.91,1.19,
SI-zipf-rw-K4,gtx-cons,0.93,0.86,1.05,
abl-hub0-ins-K1,gtx-cons,1.08,0.91,1.19,
abl-hub0-ins-K1,gtx-coop-only,1.08,0.91,1.19,
abl-hub0-ins-K1,gtx-dst-only,1.00,0.85,1.18,
abl-hub0-ins-K8,gtx-cons,1.19,0.96,1.26,
abl-hub0-ins-K8,gtx-coop-only,1.14,0.97,1.27,
abl-hub0-ins-K8,gtx-dst-only,1.03,0.86,1.15,
abl-hub0.5-ins-K1,gtx-cons,1.07,1.06,1.29,
abl-hub0.5-ins-K1,gtx-coop-only,0.99,0.98,1.21,
abl-hub0.5-ins-K1,gtx-dst-only,1.09,1.07,1.17,
abl-hub0.5-ins-K8,gtx-cons,1.16,0.97,1.17,
abl-hub0.5-ins-K8,gtx-coop-only,1.04,0.87,1.06,
abl-hub0.5-ins-K8,gtx-dst-only,1.11,0.92,1.14,
abl-hub1.0-ins-K1,gtx-cons,1.04,0.76,1.41,
abl-hub1.0-ins-K1,gtx-coop-only,0.98,0.71,1.35,
abl-hub1.0-ins-K1,gtx-dst-only,1.06,0.77,1.21,
abl-hub1.0-ins-K8,gtx-cons,1.04,0.77,1.26,
abl-hub1.0-ins-K8,gtx-coop-only,0.98,0.72,1.20,
abl-hub1.0-ins-K8,gtx-dst-only,1.06,0.78,1.42,
abl-zipf-churn-K4,gtx-cons,1.06,0.94,1.13,
abl-zipf-churn-K4,gtx-coop-only,1.05,0.94,1.06,
abl-zipf-churn-K4,gtx-dst-only,1.00,0.89,1.08,
check-SER-hub50,gtx-cons,1.11,1.11,1.11,
check-SER-hub50,2pl,59.47,59.47,59.47,
check-SER-hub50,stm,23.25,23.25,23.25,
check-SER-hub50,stm-nodeg,10.16,10.16,10.16,
check-SER-uniform,gtx-cons,1.09,1.09,1.09,
check-SER-uniform,2pl,2.03,2.03,2.03,
check-SER-uniform,stm,5.37,5.37,5.37,
check-SER-uniform,stm-nodeg,1.38,1.38,1.38,
check-SER-zipf,gtx-cons,1.07,1.07,1.07,
check-SER-zipf,2pl,652.07,652.07,652.07,
check-SER-zipf,stm,118.55,118.55,118.55,
check-SER-zipf,stm-nodeg,20.24,20.24,20.24,
check-SI-hub50,gtx-cons,1.08,1.08,1.08,
check-SI-uniform,gtx-cons,0.85,0.85,0.85,
check-SI-zipf,gtx-cons,1.19,1.19,1.19,
hub50-ins-K1,gtx-cons,1.07,0.99,1.08,
hub50-ins-K1,2pl,>20690,,,baseline did not finish
hub50-ins-K1,stm,126.83,117.23,132.14,
hub50-ins-K1,stm-nodeg,0.76,0.71,0.98,
hub50-ins-K1,nontx,0.45,0.42,0.46,
hub50-ins-K2,gtx-cons,1.10,1.00,1.11,
hub50-ins-K2,2pl,>21733,,,baseline did not finish
hub50-ins-K2,stm,181.77,161.00,229.58,
hub50-ins-K2,stm-nodeg,0.98,0.84,1.08,
hub50-ins-K2,nontx,0.43,0.39,0.58,
hub50-ins-K32,gtx-cons,1.33,1.21,1.38,
hub50-ins-K32,2pl,>11373,,,baseline did not finish
hub50-ins-K32,stm,4711.42,4297.15,4827.34,
hub50-ins-K32,stm-nodeg,4.09,3.73,4.14,
hub50-ins-K32,nontx,0.23,0.21,0.29,
hub50-ins-K4,gtx-cons,1.12,1.12,1.38,
hub50-ins-K4,2pl,>21281,,,baseline did not finish
hub50-ins-K4,stm,254.41,205.46,371.05,
hub50-ins-K4,stm-nodeg,0.92,0.91,1.06,
hub50-ins-K4,nontx,0.40,0.40,0.54,
hub50-ins-K8,gtx-cons,1.28,1.15,1.37,
hub50-ins-K8,2pl,>19544,,,baseline did not finish
hub50-ins-K8,stm,613.34,609.28,680.55,
hub50-ins-K8,stm-nodeg,1.21,1.19,1.34,
hub50-ins-K8,nontx,0.38,0.38,0.39,
identical-edge-1024-K4,gtx-cons,0.96,0.95,0.98,
identical-edge-1024-K4,2pl,9.31,8.23,9.68,
identical-edge-1024-K4,stm,12.29,11.84,13.89,
identical-edge-1024-K4,stm-nodeg,10.25,9.59,10.95,
identical-edge-1024-K4,nontx,0.23,0.22,0.24,
identical-edge-64-K4,gtx-cons,0.97,0.96,0.98,
identical-edge-64-K4,2pl,4.57,4.47,4.66,
identical-edge-64-K4,stm,2.48,2.10,3.73,
identical-edge-64-K4,stm-nodeg,2.59,2.07,3.86,
identical-edge-64-K4,nontx,0.10,0.10,0.10,
rmat-churn-K1,gtx-cons,1.00,0.97,1.07,
rmat-churn-K1,2pl,10.10,9.86,10.68,
rmat-churn-K1,stm,40.34,38.66,42.66,
rmat-churn-K1,stm-nodeg,0.69,0.61,0.74,
rmat-churn-K1,nontx,0.29,0.28,0.31,
rmat-churn-K4,gtx-cons,1.01,1.01,1.07,
rmat-churn-K4,2pl,524.73,475.43,554.03,
rmat-churn-K4,stm,101.30,84.79,130.29,
rmat-churn-K4,stm-nodeg,0.96,0.95,1.01,
rmat-churn-K4,nontx,0.28,0.27,0.33,
rmat-readers90-K4,gtx-cons,1.02,0.98,1.05,
rmat-readers90-K4,2pl,32.28,23.70,46.11,
rmat-readers90-K4,stm,26.59,24.51,30.71,
rmat-readers90-K4,stm-nodeg,17.82,17.24,19.55,
rmat-readers90-K4,nontx,2.49,2.41,2.60,
rmat-readers90-K4-lanescan,gtx-cons,1.00,0.98,1.03,
rmat-readers90-K4-roCoop,gtx-cons,0.99,0.97,1.05,
rmat-readers90-K4-roCoop,2pl,13.96,13.78,14.74,
rmat-readers90-K4-roCoop,stm,22.65,20.31,26.44,
rmat-readers90-K4-roCoop,stm-nodeg,16.69,15.48,18.64,
rmat-readers90-K4-roCoop,nontx,0.43,0.40,0.45,
uniform-churn-K1,gtx-cons,1.01,0.92,1.10,
uniform-churn-K1,2pl,0.52,0.44,0.56,
uniform-churn-K1,stm,1.01,0.92,1.07,
uniform-churn-K1,stm-nodeg,0.61,0.59,0.74,
uniform-churn-K1,nontx,0.37,0.36,0.44,
uniform-churn-K4,gtx-cons,1.02,0.99,1.11,
uniform-churn-K4,2pl,0.53,0.51,0.62,
uniform-churn-K4,stm,2.43,2.36,2.56,
uniform-churn-K4,stm-nodeg,0.90,0.82,0.99,
uniform-churn-K4,nontx,0.29,0.28,0.39,
uniform-delete-K4,gtx-cons,1.02,0.97,1.09,
uniform-delete-K4,2pl,0.47,0.43,0.52,
uniform-delete-K4,stm,1.71,1.63,1.83,
uniform-delete-K4,stm-nodeg,0.71,0.66,0.76,
uniform-delete-K4,nontx,0.24,0.23,0.33,
uniform-ins-K1,gtx-cons,1.04,0.92,1.12,
uniform-ins-K1,2pl,0.53,0.48,0.64,
uniform-ins-K1,stm,1.14,1.04,1.25,
uniform-ins-K1,stm-nodeg,0.69,0.62,0.79,
uniform-ins-K1,nontx,0.41,0.37,0.51,
uniform-ins-K2,gtx-cons,1.01,0.92,1.19,
uniform-ins-K2,2pl,0.50,0.49,0.59,
uniform-ins-K2,stm,1.34,1.26,1.58,
uniform-ins-K2,stm-nodeg,0.85,0.69,1.00,
uniform-ins-K2,nontx,0.33,0.33,0.48,
uniform-ins-K32,gtx-cons,1.80,1.68,1.86,
uniform-ins-K32,2pl,1.55,1.47,1.59,
uniform-ins-K32,stm,77.15,65.13,102.83,
uniform-ins-K32,stm-nodeg,11.45,10.86,11.77,
uniform-ins-K32,nontx,0.30,0.28,0.39,
uniform-ins-K4,gtx-cons,1.06,1.03,1.15,
uniform-ins-K4,2pl,0.64,0.58,0.69,
uniform-ins-K4,stm,2.59,2.51,2.78,
uniform-ins-K4,stm-nodeg,0.98,0.91,1.09,
uniform-ins-K4,nontx,0.34,0.33,0.36,
uniform-ins-K8,gtx-cons,1.11,1.08,1.21,
uniform-ins-K8,2pl,0.76,0.70,0.85,
uniform-ins-K8,stm,7.16,6.96,7.66,
uniform-ins-K8,stm-nodeg,1.45,1.41,1.71,
uniform-ins-K8,nontx,0.33,0.32,0.44,
uniform-readers50-K4,gtx-cons,1.13,0.93,1.14,
uniform-readers50-K4,2pl,0.77,0.64,0.86,
uniform-readers50-K4,stm,2.65,2.18,2.66,
uniform-readers50-K4,stm-nodeg,1.37,1.10,1.38,
uniform-readers50-K4,nontx,0.45,0.37,0.59,
uniform-readers50-K4-lanescan,gtx-cons,0.90,0.84,1.09,
uniform-readers50-K4-roCoop,gtx-cons,1.00,0.89,1.13,
uniform-readers50-K4-roCoop,2pl,0.62,0.55,0.63,
uniform-readers50-K4-roCoop,stm,2.02,1.81,2.05,
uniform-readers50-K4-roCoop,stm-nodeg,1.06,0.90,1.11,
uniform-readers50-K4-roCoop,nontx,0.37,0.33,0.38,
zipf-churn-K4,gtx-cons,1.00,1.00,1.06,
zipf-churn-K4,2pl,>11903,,,baseline did not finish
zipf-churn-K4,stm,363.90,362.23,445.13,
zipf-churn-K4,stm-nodeg,0.89,0.85,0.94,
zipf-churn-K4,nontx,0.26,0.26,0.34,
zipf-readers50-K4,gtx-cons,1.02,1.00,1.04,
zipf-readers50-K4,2pl,>205,,,baseline did not finish
zipf-readers50-K4,stm,8.51,8.34,8.69,
zipf-readers50-K4,stm-nodeg,2.53,2.37,3.43,
zipf-readers50-K4,nontx,0.90,0.84,1.00,
zipf-readers50-K4-lanescan,gtx-cons,0.97,0.90,1.00,
zipf-readers50-K4-roCoop,gtx-cons,0.99,0.99,1.02,
zipf-readers50-K4-roCoop,2pl,>271,,,baseline did not finish
zipf-readers50-K4-roCoop,stm,>271,,,baseline did not finish
zipf-readers50-K4-roCoop,stm-nodeg,>271,,,baseline did not finish
zipf-readers50-K4-roCoop,nontx,0.48,0.47,0.51,
