label,sys,status,reps,ms_median,ms_min,ms_max,txn_per_s,eff_per_s,commits,aborts,abort_ratio,giveup,upd_p50_us,upd_p99_us,ro_p50_us,ro_p99_us,bytes,check,flag
SER-hub50-rw-K4,gtx,ok,5,5.8788,5.8173,6.7912,44591533.2,93079110.1,262144,9180,0.03383408765903496,0,308.22,923.65,308.22,381.95,424710568,-,0
SER-hub50-rw-K4,gtx-cons,ok,5,5.888,5.8604,6.8065,44521739.0,92930536.5,262144,11932,0.0435353697514558,0,305.15,939.01,304.13,380.93,425441048,-,0
SER-hub50-rw-K4,2pl,DNF>90000,0,,,,,,,,,,,,,,,,
SER-hub50-rw-K4,stm,ok,5,1115.1954,1112.2749,1525.1814,140655.2,253413.0,156858,427919299,0.9996335745464096,105286,471.04,186280.96,115.71,342.02,81817696,-,0
SER-hub50-rw-K4,stm-nodeg,ok,5,5.1681,4.606,5.2531,50723201.8,105758216.2,262144,25819,0.0896608244809229,0,391.17,1232.9,284.67,656.38,81817696,-,0
SER-uniform-rw-K4,gtx,ok,5,5.6955,5.6248,6.2034,46026609.3,126722943.3,262144,3454,0.013004615998614447,0,309.25,602.11,305.15,371.71,506397488,-,0
SER-uniform-rw-K4,gtx-cons,ok,5,6.2771,5.7416,6.3232,41761826.3,114977567.3,262144,6646,0.024725622232969976,0,310.27,942.08,306.18,910.34,511240048,-,0
SER-uniform-rw-K4,2pl,ok,5,3.5369,3.5052,4.6244,74116966.0,203971505.5,262144,0,0.0,0,307.2,742.4,373.76,830.46,78684480,-,0
SER-uniform-rw-K4,stm,ok,5,12.8604,12.3843,13.0028,20383787.9,56075633.7,262144,124873,0.32265507716715286,0,1013.76,4256.77,539.65,1433.6,78684480,-,0
SER-uniform-rw-K4,stm-nodeg,ok,5,6.7758,5.7149,6.8649,38688228.1,106470404.0,262144,31171,0.1062714146906909,0,525.31,1944.58,366.59,1155.07,78684480,-,0
SER-zipf-rw-K4,gtx,ok,5,9.0511,8.6364,9.5488,28962552.3,78496555.4,262144,4240,0.01591687188419725,0,476.16,972.8,474.11,870.4,644699424,-,0
SER-zipf-rw-K4,gtx-cons,ok,5,9.1791,8.4777,9.4218,28558678.3,77399112.4,262144,7860,0.02911067984178012,0,453.63,1336.32,451.58,933.89,648674496,-,0
SER-zipf-rw-K4,2pl,ok,5,13315.1406,13258.166,13416.9141,19687.7,53207.3,262144,0,0.0,0,440.32,13190266.88,423.94,13219442.69,103280000,-,0
SER-zipf-rw-K4,stm,ok,5,1138.5723,1137.3804,1513.6389,147137.8,367655.2,167527,439882128,0.9996192997810668,94617,960.51,337393.66,124.93,397.31,103280000,-,0
SER-zipf-rw-K4,stm-nodeg,ok,5,5.8337,5.8092,6.7932,44935932.5,121715482.8,262144,35424,0.11904505860845252,0,473.09,1655.81,324.61,873.47,103280000,-,0
SI-hub50-rw-K4,gtx,ok,5,5.1948,4.6551,5.2183,50463234.6,105171522.6,262144,5033,0.018837699352863457,0,252.93,840.7,254.98,830.46,424242896,-,0
SI-hub50-rw-K4,gtx-cons,ok,5,4.7032,4.6653,5.2326,55736993.3,116159913.4,262144,7348,0.027266115506211688,0,249.86,718.85,249.86,315.39,424968024,-,0
SI-uniform-rw-K4,gtx,ok,5,5.1497,5.1374,6.0897,50904753.7,140101089.0,262144,2807,0.010594411796898294,0,282.62,373.76,280.58,342.02,506018552,-,0
SI-uniform-rw-K4,gtx-cons,ok,5,5.761,5.1968,6.1491,45503021.7,125231035.4,262144,5619,0.020984975519395883,0,284.67,855.04,281.6,820.22,510688152,-,0
SI-zipf-rw-K4,gtx,ok,5,7.5366,7.1578,8.1193,34782607.9,94219835.9,262144,2842,0.010725094910674526,0,396.29,826.37,396.29,807.94,644597136,-,0
SI-zipf-rw-K4,gtx-cons,ok,5,7.0195,6.9847,7.9299,37345004.7,101157774.3,262144,5929,0.022117109891708602,0,378.88,1059.84,377.86,434.18,648387128,-,0
abl-hub0-ins-K1,gtx,ok,5,5.3146,5.3105,6.2802,197302507.2,197301754.5,1048576,0,0.0,0,76.8,109.57,0.0,0.0,524445312,-,0
abl-hub0-ins-K1,gtx-cons,ok,5,5.7139,5.3402,6.3201,183512541.1,183511841.0,1048576,1709,0.0016271773851859257,0,76.8,448.51,0.0,0.0,527917040,-,0
abl-hub0-ins-K1,gtx-coop-only,ok,5,5.762,5.3524,6.3212,181982774.9,181982080.7,1048576,1732,0.0016490400910970876,0,76.8,447.49,0.0,0.0,527940664,-,0
abl-hub0-ins-K1,gtx-dst-only,ok,5,5.333,5.2961,6.2781,196620580.9,196619830.8,1048576,0,0.0,0,75.78,109.57,0.0,0.0,524445312,-,0
abl-hub0-ins-K8,gtx,ok,5,6.3621,6.0211,6.9786,20601963.5,164815079.1,131072,0,0.0,0,690.18,1171.46,0.0,0.0,517877056,-,0
abl-hub0-ins-K8,gtx-cons,ok,5,7.6001,6.6898,7.6298,17246024.9,137967673.2,131072,12197,0.08513355994667374,0,657.41,2785.28,0.0,0.0,537598320,-,0
abl-hub0-ins-K8,gtx-coop-only,ok,5,7.2223,6.7277,7.6636,18148305.9,145185893.3,131072,12228,0.0853314724354501,0,637.95,2068.48,0.0,0.0,537583784,-,0
abl-hub0-ins-K8,gtx-dst-only,ok,5,6.5772,5.975,6.9612,19928383.1,159426456.3,131072,0,0.0,0,692.22,1338.37,0.0,0.0,517877056,-,0
abl-hub0.5-ins-K1,gtx,ok,5,4.308,4.2926,4.3244,243403842.8,135973614.7,1048576,509,0.0004851847085793811,0,60.42,92.16,0.0,0.0,438134736,-,0
abl-hub0.5-ins-K1,gtx-cons,ok,5,4.6234,4.5681,5.5767,226799549.3,126697895.1,1048576,1158,0.0011031366041301892,0,64.51,115.71,0.0,0.0,438480024,-,0
abl-hub0.5-ins-K1,gtx-coop-only,ok,5,4.2762,4.2414,5.1988,245210720.2,136982997.5,1048576,1128,0.001074588645942094,0,60.42,91.14,0.0,0.0,438481768,-,0
abl-hub0.5-ins-K1,gtx-dst-only,ok,5,4.6766,4.6203,5.0452,224217206.3,125255311.0,1048576,523,0.0004985230183233423,0,65.54,112.64,0.0,0.0,438134848,-,0
abl-hub0.5-ins-K8,gtx,ok,5,4.5814,4.5435,5.4979,28609744.7,127925756.4,131072,3634,0.026977269015485576,0,473.09,1356.8,0.0,0.0,430742392,-,0
abl-hub0.5-ins-K8,gtx-cons,ok,5,5.3309,5.2664,5.3596,24587014.7,109938501.2,131072,9087,0.06483351051306016,0,518.14,1609.73,0.0,0.0,431739728,-,0
abl-hub0.5-ins-K8,gtx-coop-only,ok,5,4.779,4.7657,4.8476,27426612.9,122635494.8,131072,9002,0.06426603081228494,0,459.78,1434.62,0.0,0.0,431716576,-,0
abl-hub0.5-ins-K8,gtx-dst-only,ok,5,5.0831,5.0483,5.1763,25785656.3,115298113.3,131072,3715,0.02756200523789386,0,531.46,1536.0,0.0,0.0,430754720,-,0
abl-hub1.0-ins-K1,gtx,ok,5,2.5057,2.4945,3.4386,418471596.8,5786741.4,1048576,282,0.00026886385001592206,0,32.77,58.37,0.0,0.0,115460992,-,0
abl-hub1.0-ins-K1,gtx-cons,ok,5,2.603,2.5948,3.5308,402832410.5,5570478.4,1048576,328,0.00031270735930075583,0,32.77,67.58,0.0,0.0,115689648,-,0
abl-hub1.0-ins-K1,gtx-coop-only,ok,5,2.4453,2.4351,3.371,428810716.2,5929713.6,1048576,323,0.0003079419467460642,0,31.74,57.34,0.0,0.0,115687336,-,0
abl-hub1.0-ins-K1,gtx-dst-only,ok,5,2.6563,2.6429,3.0403,394757137.7,5458811.3,1048576,276,0.00026314484789083685,0,33.79,71.68,0.0,0.0,115460944,-,0
abl-hub1.0-ins-K8,gtx,ok,5,2.4863,2.432,3.3792,52718284.6,5875865.3,131072,1884,0.014170101386924998,0,252.93,495.62,0.0,0.0,108133776,-,0
abl-hub1.0-ins-K8,gtx-cons,ok,5,2.5917,2.5692,3.1273,50572897.1,5636745.1,131072,2686,0.02008104188160708,0,265.22,591.87,0.0,0.0,108365264,-,0
abl-hub1.0-ins-K8,gtx-coop-only,ok,5,2.4248,2.4187,2.9932,54054051.7,6024747.0,131072,2693,0.020132321608791536,0,247.81,545.79,0.0,0.0,108366296,-,0
abl-hub1.0-ins-K8,gtx-dst-only,ok,5,2.6307,2.5876,3.5379,49824834.5,5553367.7,131072,1871,0.01407370075897189,0,270.34,526.34,0.0,0.0,108133672,-,0
abl-zipf-churn-K4,gtx,ok,5,7.2018,7.1813,8.0968,36399830.6,139276867.9,262144,6470,0.02408660754837797,0,388.1,1105.92,0.0,0.0,757539600,-,0
abl-zipf-churn-K4,gtx-cons,ok,5,7.6237,7.5837,8.1572,34385493.1,131564937.8,262144,11950,0.04359818164571278,0,379.9,1170.43,0.0,0.0,761284336,-,0
abl-zipf-churn-K4,gtx-coop-only,ok,5,7.596,7.2837,7.6114,34510649.1,132041042.1,262144,11932,0.0435353697514558,0,377.86,1154.05,0.0,0.0,761316320,-,0
abl-zipf-churn-K4,gtx-dst-only,ok,5,7.2264,7.1485,7.7629,36276038.2,138803754.1,262144,6493,0.02417016271027446,0,389.12,1110.02,0.0,0.0,757745000,-,0
check-SER-hub50,gtx,ok,1,91.7852,91.7852,91.7852,714014.8,1305842.1,65536,44904,0.40659181455994203,0,9350.14,59238.4,8593.41,45859.84,41180608,PASS,0
check-SER-hub50,gtx-cons,ok,1,101.8071,101.8071,101.8071,643727.2,1176361.9,65536,50795,0.4366419956847272,0,9815.04,61931.52,9108.48,44170.24,43087040,PASS,0
check-SER-hub50,2pl,ok,1,5458.5376,5458.5376,5458.5376,12006.1,21610.2,65536,0,0.0,0,1435713.54,5442210.82,4357097.47,5381799.94,20875648,PASS,0
check-SER-hub50,stm,ok,1,1310.9463,1310.9463,1310.9463,30713.7,39259.4,40264,104902584,0.9996163244969299,25272,562.18,552013.82,208.9,1106111.49,20875648,PASS,0
check-SER-hub50,stm-nodeg,ok,1,932.439,932.439,932.439,70284.5,127787.4,65536,55664,0.45927392739273926,0,347.14,1419.26,220.16,652906.5,20875648,PASS,0
check-SER-uniform,gtx,ok,1,1.45,1.45,1.45,45197741.5,106193588.9,65536,9809,0.1301878027739067,0,206.85,908.29,199.68,260.1,52660304,PASS,0
check-SER-uniform,gtx-cons,ok,1,1.5841,1.5841,1.5841,41371231.2,96982761.4,65536,15595,0.19221998989288927,0,203.78,1086.46,191.49,252.93,58781864,PASS,0
check-SER-uniform,2pl,ok,1,2.9409,2.9409,2.9409,22284122.7,51474908.9,65536,0,0.0,0,516.1,1833.98,385.02,1797.12,20797760,PASS,0
check-SER-uniform,stm,ok,1,7.7875,7.7875,7.7875,8415516.2,19336579.7,65536,260437,0.7989526739944719,0,2343.94,7131.14,536.58,6048.77,20797760,PASS,0
check-SER-uniform,stm-nodeg,ok,1,1.9999,1.9999,1.9999,32770097.8,76285883.5,65536,34344,0.3438526231477773,0,464.9,1640.45,305.15,1734.66,20797760,PASS,0
check-SER-zipf,gtx,ok,1,10.9752,10.9752,10.9752,5971263.2,13667592.5,65536,12245,0.1574291922191795,0,738.3,5834.75,721.92,5217.28,51452288,PASS,0
check-SER-zipf,gtx-cons,ok,1,11.774,11.774,11.774,5566185.6,12711705.1,65536,19371,0.22814373373220112,0,709.63,6311.94,652.29,5097.47,54336696,PASS,0
check-SER-zipf,2pl,ok,1,7156.5649,7156.5649,7156.5649,9157.5,20506.8,65536,0,0.0,0,1770357.76,7148212.22,2104321.02,7066578.94,22146464,PASS,0
check-SER-zipf,stm,ok,1,904.7583,904.7583,904.7583,50368.1,92265.5,45571,107858031,0.9995776693348939,19965,24208.38,638625.79,282.62,802682.88,22146464,PASS,0
check-SER-zipf,stm-nodeg,ok,1,222.1087,222.1087,222.1087,295062.8,671702.7,65536,49332,0.42946686631611936,0,928.77,2903.04,751.62,129079.3,22146464,PASS,0
check-SI-hub50,gtx,ok,1,91.8405,91.8405,91.8405,713584.8,1292109.5,65536,37855,0.36613438307009316,0,9496.58,55938.05,9744.38,44962.82,39692152,PASS,0
check-SI-hub50,gtx-cons,ok,1,99.0085,99.0085,99.0085,661922.9,1199432.2,65536,40990,0.3847886900850497,0,10053.63,60096.51,9106.43,45838.34,41140656,PASS,0
check-SI-uniform,gtx,ok,1,1.6261,1.6261,1.6261,40302267.4,94146652.6,65536,7248,0.09958232578588701,0,196.61,1052.67,190.46,595.97,50810728,PASS,0
check-SI-uniform,gtx-cons,ok,1,1.3773,1.3773,1.3773,47583643.2,110974529.8,65536,12915,0.1646250525805917,0,183.3,908.29,176.13,231.42,57104584,PASS,0
check-SI-zipf,gtx,ok,1,9.4331,9.4331,9.4331,6947459.6,15824085.9,65536,10566,0.13883997792436467,0,470.02,4974.59,482.3,4512.77,51242856,PASS,0
check-SI-zipf,gtx-cons,ok,1,11.2005,11.2005,11.2005,5851161.1,13308231.0,65536,18090,0.21632028316552268,0,435.2,5533.7,405.5,4540.42,53947752,PASS,0
hub50-ins-K1,gtx,ok,5,4.35,4.3131,4.6961,241054601.7,134661249.2,1048576,506,0.0004823264530322701,0,61.44,94.21,0.0,0.0,438134712,-,0
hub50-ins-K1,gtx-cons,ok,5,4.6674,4.6479,4.7063,224659949.3,125502642.2,1048576,1168,0.0011126522275907269,0,65.54,116.74,0.0,0.0,438495184,-,0
hub50-ins-K1,2pl,DNF>90000,0,,,,,,,,,,,,,,,,
hub50-ins-K1,stm,ok,5,512.9953,475.1954,533.761,1900526.2,1028966.5,974961,302095874,0.9967830589835541,73615,94.21,567.3,0.0,0.0,82993152,-,0
hub50-ins-K1,stm-nodeg,ok,5,3.3126,3.3096,4.2619,316537871.7,176828755.5,1048576,4144,0.003936469336575728,0,64.51,229.38,0.0,0.0,82993152,-,0
hub50-ins-K1,nontx,ok,5,1.9671,1.963,1.9722,533055711.5,297782940.0,1048576,0,0.0,0,32.77,84.99,0.0,0.0,82993152,-,0
hub50-ins-K2,gtx,ok,5,4.1411,4.1062,4.5292,126607317.6,141547467.9,524288,1030,0.001960717127530372,0,115.71,162.82,0.0,0.0,433665688,-,0
hub50-ins-K2,gtx-cons,ok,5,4.5404,4.5343,4.5916,115471363.7,129097428.6,524288,2445,0.004641820428945975,0,126.98,203.78,0.0,0.0,434057552,-,0
hub50-ins-K2,2pl,DNF>90000,0,,,,,,,,,,,,,,,,
hub50-ins-K2,stm,ok,5,648.6938,575.9703,819.028,696499.7,753651.4,451815,296465844,0.9984783154982372,72473,224.26,839.68,0.0,0.0,82992960,-,0
hub50-ins-K2,stm-nodeg,ok,5,4.0561,3.4836,4.4626,129260283.7,144513494.2,524288,9312,0.01745127436281859,0,148.48,838.66,0.0,0.0,82992960,-,0
hub50-ins-K2,nontx,ok,5,1.7756,1.7736,2.4054,295271041.3,330114159.6,524288,0,0.0,0,70.66,136.19,0.0,0.0,82992960,-,0
hub50-ins-K32,gtx,ok,5,7.9135,7.8193,8.6764,4140786.7,73922923.7,32768,11438,0.2587431570375062,0,1798.14,6522.88,0.0,0.0,433773624,-,0
hub50-ins-K32,gtx-cons,ok,5,10.5267,10.4489,10.9476,3112840.5,55571630.8,32768,24226,0.4250622872583079,0,2330.62,9012.22,0.0,0.0,442507160,-,0
hub50-ins-K32,2pl,DNF>90000,0,,,,,,,,,,,,,,,,
hub50-ins-K32,stm,ok,5,4465.5894,4458.4385,4493.021,885.2,15242.3,3953,118771436,0.9999667186945606,28815,29492.22,4442225.66,0.0,0.0,82991680,-,0
hub50-ins-K32,stm-nodeg,ok,5,32.3717,32.17,32.4884,1012241.8,18070932.0,32768,287119,0.8975638272264893,0,17364.99,30786.56,0.0,0.0,82991680,-,0
hub50-ins-K32,nontx,ok,5,1.7951,1.7674,2.3306,18254421.4,325884985.8,32768,0,0.0,0,1218.56,1684.48,0.0,0.0,82991680,-,0
hub50-ins-K4,gtx,ok,5,4.2291,4.1861,4.2373,61985475.4,138750385.6,262144,1951,0.007387493136939359,0,231.42,303.1,0.0,0.0,431732864,-,0
hub50-ins-K4,gtx-cons,ok,5,4.7432,4.737,5.8245,55267704.4,123713099.6,262144,4779,0.017904039741798196,0,258.05,548.86,0.0,0.0,432272456,-,0
hub50-ins-K4,2pl,DNF>90000,0,,,,,,,,,,,,,,,,
hub50-ins-K4,stm,ok,5,800.4004,646.4686,1166.2029,243646.8,527854.6,195015,274429621,0.9992898852672489,67129,501.76,79568.9,0.0,0.0,82999360,-,0
hub50-ins-K4,stm-nodeg,ok,5,3.881,3.8656,4.5015,67546174.4,151197642.3,262144,19861,0.07042782929380685,0,322.56,1010.69,0.0,0.0,82999360,-,0
hub50-ins-K4,nontx,ok,5,1.6916,1.6763,2.2989,154963679.8,346875944.5,262144,0,0.0,0,143.36,281.6,0.0,0.0,82999360,-,0
hub50-ins-K8,gtx,ok,5,4.6049,4.5793,4.6356,28463420.0,127271479.1,131072,3677,0.027287772079941226,0,472.06,1360.9,0.0,0.0,430726384,-,0
hub50-ins-K8,gtx-cons,ok,5,5.89,5.3228,6.3089,22253129.2,99502754.0,131072,9143,0.06520700353029277,0,526.34,2092.03,0.0,0.0,431752880,-,0
hub50-ins-K8,2pl,DNF>90000,0,,,,,,,,,,,,,,,,
hub50-ins-K8,stm,ok,5,1560.5032,1556.2485,1731.0627,46407.5,200600.0,72419,239030202,0.9996971216806527,58653,1848.32,524751.87,0.0,0.0,82993824,-,0
hub50-ins-K8,stm-nodeg,ok,5,5.5572,5.4702,6.1594,23585774.3,105461550.0,131072,44285,0.25254195726432366,0,811.01,3116.03,0.0,0.0,82993824,-,0
hub50-ins-K8,nontx,ok,5,1.7603,1.7551,1.7838,74461894.3,332949288.4,131072,0,0.0,0,293.89,702.46,0.0,0.0,82993824,-,0
identical-edge-1024-K4,gtx,ok,5,34.8467,34.6225,35.4908,7522773.7,19613896.7,262144,520493,0.6650503362350617,0,113.66,29987.84,0.0,0.0,798636776,-,0
identical-edge-1024-K4,gtx-cons,ok,5,33.5452,33.4019,34.1207,7814646.4,20364722.3,262144,520113,0.6648876264450174,0,109.57,28870.66,0.0,0.0,801002808,-,0
identical-edge-1024-K4,2pl,ok,5,324.5558,286.6197,337.4572,807700.9,2126528.1,262144,0,0.0,0,70.66,285103.1,0.0,0.0,80572704,-,0
identical-edge-1024-K4,stm,ok,5,418.8395,405.889,473.2242,612210.6,1638231.2,256418,109368477,0.9976609510093487,5726,7006.21,330329.09,0.0,0.0,80572704,-,0
identical-edge-1024-K4,stm-nodeg,ok,5,352.4475,330.068,376.5576,734106.5,2067655.6,258734,97081051,0.9973419501594338,3410,5937.15,289125.38,0.0,0.0,80572704,-,0
identical-edge-1024-K4,nontx,ok,5,8.0937,7.6882,8.2719,32388665.4,83895173.5,262144,0,0.0,0,617.47,2657.28,0.0,0.0,80572704,-,0
identical-edge-64-K4,gtx,ok,5,488.8842,484.2035,491.5046,536208.8,1357116.8,262144,3034591,0.9204837513479245,0,314.37,411060.22,0.0,0.0,1622525048,-,0
identical-edge-64-K4,gtx-cons,ok,5,475.7227,468.9193,477.5578,551043.7,1393576.4,262144,2961954,0.9186922978147687,0,297.98,401154.05,0.0,0.0,1622985912,-,0
identical-edge-64-K4,2pl,ok,5,2234.0444,2186.3362,2278.0149,117340.5,308561.9,262144,0,0.0,0,112.64,2109366.27,0.0,0.0,80521696,-,0
identical-edge-64-K4,stm,ok,5,836.1462,711.3083,1248.1935,216305.5,554473.6,180863,438633283,0.9995878368971268,81281,7129.09,274279.42,0.0,0.0,80521696,-,0
identical-edge-64-K4,stm-nodeg,ok,5,764.3566,613.7815,1129.2784,206796.1,610291.0,158066,502160884,0.999685327419959,104078,9686.02,188879.87,0.0,0.0,80521696,-,0
identical-edge-64-K4,nontx,ok,5,47.5075,47.063,47.6948,5517954.7,13833091.3,262144,0,0.0,0,3543.04,16105.47,0.0,0.0,80521696,-,0
rmat-churn-K1,gtx,ok,5,7.0748,6.6908,7.2479,148212471.7,143823523.8,1048576,1512,0.0014398793243994789,0,95.23,459.78,0.0,0.0,750885808,-,0
rmat-churn-K1,gtx-cons,ok,5,7.0441,7.0318,7.5909,148858845.9,144448911.7,1048576,3081,0.0029296624279589257,0,94.21,460.8,0.0,0.0,756232312,-,0
rmat-churn-K1,2pl,ok,5,71.4435,71.2274,71.6646,14677005.0,14239862.1,1048576,0,0.0,0,52.22,39151.62,0.0,0.0,105493440,-,0
rmat-churn-K1,stm,ok,5,282.9322,271.2166,291.2369,3674024.8,3562443.3,1039500,88520332,0.9883932341454147,9076,191.49,104690.69,0.0,0.0,105493440,-,0
rmat-churn-K1,stm-nodeg,ok,5,4.8988,4.31,5.2183,214046818.0,207715696.5,1048576,9668,0.009135889265613602,0,63.49,641.02,0.0,0.0,105493440,-,0
rmat-churn-K1,nontx,ok,5,2.0408,2.0378,2.048,513798283.3,498626040.1,1048576,0,0.0,0,29.7,97.28,0.0,0.0,105493440,-,0
rmat-churn-K4,gtx,ok,5,7.1823,6.8024,7.2069,36498432.5,141612007.7,262144,6306,0.023490407897187558,0,370.69,1069.06,0.0,0.0,750216416,-,0
rmat-churn-K4,gtx-cons,ok,5,7.2806,7.253,7.3032,36005625.3,139693760.8,262144,12277,0.04473782983080741,0,363.52,1111.04,0.0,0.0,758719200,-,0
rmat-churn-K4,2pl,ok,5,3768.7532,3414.6899,3807.8853,69557.2,268917.1,262144,0,0.0,0,761.86,3696032.77,0.0,0.0,105548384,-,0
rmat-churn-K4,stm,ok,5,684.9207,573.3683,880.341,360311.8,1392288.2,246785,132991976,0.9981477987475431,15359,2706.43,441100.29,0.0,0.0,105548384,-,0
rmat-churn-K4,stm-nodeg,ok,5,6.871,6.7942,7.081,38152012.7,148010784.3,262144,53132,0.1685253555614763,0,526.34,2239.49,0.0,0.0,105548384,-,0
rmat-churn-K4,nontx,ok,5,1.9814,1.9773,2.3818,132299745.1,513105633.6,262144,0,0.0,0,161.79,440.32,0.0,0.0,105548384,-,0
rmat-readers90-K4,gtx,ok,5,15.1296,14.6893,15.6396,17326565.6,6898331.9,262144,84,0.00032033192488979055,0,640.0,2415.62,644.1,2415.62,489522896,-,0
rmat-readers90-K4,gtx-cons,ok,5,15.361,14.8521,15.5146,17065529.1,6794403.9,262144,161,0.0006137892910924305,0,660.48,2468.86,664.58,2425.86,493016840,-,0
rmat-readers90-K4,2pl,ok,5,488.4583,358.6314,697.6297,536676.4,213504.4,262144,0,0.0,0,14759.94,478873.6,135.17,458892.29,101502624,-,0
rmat-readers90-K4,stm,ok,5,402.303,370.7535,460.7887,651608.4,259254.9,262144,2295554,0.8975078371254152,0,4098.05,175633.41,567.3,209909.76,101502624,-,0
rmat-readers90-K4,stm-nodeg,ok,5,269.6806,267.4186,295.8275,972053.5,387035.6,262144,190785,0.4212249602034756,0,1241.09,4697.09,459.78,82757.63,101502624,-,0
rmat-readers90-K4,nontx,ok,5,37.7446,36.5107,39.1229,6945198.0,2764975.3,262144,0,0.0,0,441.34,9165.82,375.81,18761.73,101502624,-,0
rmat-readers90-K4-lanescan,gtx,ok,5,188.1849,182.8311,192.7158,1393012.8,554576.8,262144,74,0.0002822079338565621,0,5623.81,40606.72,5723.14,40606.72,489527488,-,0
rmat-readers90-K4-lanescan,gtx-cons,ok,5,188.7038,186.1611,190.2387,1389182.8,553068.0,262144,263,0.0010022598482509993,0,5588.99,39556.1,5713.92,39297.02,493352160,-,0
rmat-readers90-K4-roCoop,gtx,ok,5,15.3559,14.7139,15.4685,17071219.4,6796669.4,262144,84,0.00032033192488979055,0,658.43,2497.54,664.58,2492.42,489525232,-,0
rmat-readers90-K4-roCoop,gtx-cons,ok,5,15.2033,14.8204,15.8085,17242540.4,6865010.0,262144,169,0.0006442684884088855,0,652.29,2604.03,656.38,2523.14,493496808,-,0
rmat-readers90-K4-roCoop,2pl,ok,5,214.4389,211.5482,226.0398,1222464.7,486712.0,262144,686147,0.7235616493249435,0,119.81,119550.98,2102.27,57289.73,101502624,-,0
rmat-readers90-K4-roCoop,stm,ok,5,347.8835,311.8295,405.9853,753539.6,300040.1,262144,138862,0.346284095499818,0,687.1,6760.45,3544.06,328273.92,101502624,-,0
rmat-readers90-K4-roCoop,stm-nodeg,ok,5,256.3645,237.6909,286.2684,1022543.9,407154.6,262144,61570,0.1901987556917526,0,356.35,1060.86,2971.65,238261.25,101502624,-,0
rmat-readers90-K4-roCoop,nontx,ok,5,6.5925,6.0723,6.6714,39763901.0,15832811.2,262144,0,0.0,0,27.65,79.87,287.74,1711.1,101502624,-,0
uniform-churn-K1,gtx,ok,5,6.5403,6.1891,6.7604,160325662.2,155680301.0,1048576,1740,0.0016566442861005641,0,88.06,123.9,0.0,0.0,569471104,-,0
uniform-churn-K1,gtx-cons,ok,5,6.6191,6.2013,6.7963,158415845.0,153825064.5,1048576,3128,0.0029742208834424894,0,88.06,466.94,0.0,0.0,572849248,-,0
uniform-churn-K1,2pl,ok,5,3.4335,3.0044,3.625,305398158.2,296571815.4,1048576,0,0.0,0,47.1,439.3,0.0,0.0,79571936,-,0
uniform-churn-K1,stm,ok,5,6.6345,6.2392,6.8424,158049076.6,153433051.7,1048576,30184,0.027980273647521228,0,99.33,518.14,0.0,0.0,79571936,-,0
uniform-churn-K1,stm-nodeg,ok,5,3.9946,3.9782,4.5875,262496802.3,254855281.9,1048576,7007,0.006638037937329419,0,62.46,214.02,0.0,0.0,79571936,-,0
uniform-churn-K1,nontx,ok,5,2.4248,2.4197,2.8508,432432413.6,419841026.4,1048576,0,0.0,0,34.82,94.21,0.0,0.0,79571936,-,0
uniform-churn-K4,gtx,ok,5,7.0021,6.6345,7.212,37437847.8,145300734.0,262144,6466,0.024072074755221325,0,363.52,1058.82,0.0,0.0,567327984,-,0
uniform-churn-K4,gtx-cons,ok,5,7.166,7.1404,7.3595,36581879.5,141966618.1,262144,11593,0.04235086963033861,0,357.38,1086.46,0.0,0.0,575108744,-,0
uniform-churn-K4,2pl,ok,5,3.6762,3.6157,4.3069,71309190.3,276741755.8,262144,0,0.0,0,308.22,826.37,0.0,0.0,79574112,-,0
uniform-churn-K4,stm,ok,5,16.9861,16.9247,17.0015,15432842.5,59855249.1,262144,232534,0.4700714404117426,0,1224.7,6300.67,0.0,0.0,79574112,-,0
uniform-churn-K4,stm-nodeg,ok,5,6.3212,5.9105,6.5546,41470920.4,160948188.9,262144,43933,0.1435357769450171,0,515.07,1833.98,0.0,0.0,79574112,-,0
uniform-churn-K4,nontx,ok,5,2.0521,2.047,2.732,127744517.8,495619627.2,262144,0,0.0,0,175.1,332.8,0.0,0.0,79574112,-,0
uniform-delete-K4,gtx,ok,5,8.0056,7.4711,8.407,32744945.9,115237991.7,262144,14019,0.050763498368717026,0,391.17,1306.62,0.0,0.0,615200152,-,0
uniform-delete-K4,gtx-cons,ok,5,8.1428,7.9237,8.4695,32193158.9,113296109.5,262144,17523,0.06265665952722345,0,389.12,1284.1,0.0,0.0,621585256,-,0
uniform-delete-K4,2pl,ok,5,3.7724,3.4683,4.0724,69489683.0,244552290.1,262144,0,0.0,0,294.91,1048.58,0.0,0.0,75239136,-,0
uniform-delete-K4,stm,ok,5,13.7011,13.6704,13.7236,19133033.9,67334128.5,262144,227542,0.4646691961787758,0,997.38,5156.86,0.0,0.0,75239136,-,0
uniform-delete-K4,stm-nodeg,ok,5,5.7108,5.2797,5.9576,45902816.3,161543964.0,262144,50667,0.16197320426711337,0,434.18,1858.56,0.0,0.0,75239136,-,0
uniform-delete-K4,nontx,ok,5,1.918,1.9149,2.6143,136679128.6,481009445.6,262144,0,0.0,0,160.77,332.8,0.0,0.0,75239136,-,0
uniform-ins-K1,gtx,ok,5,5.7805,5.3637,6.3427,181399471.4,181398779.5,1048576,0,0.0,0,77.82,452.61,0.0,0.0,524445312,-,0
uniform-ins-K1,gtx-cons,ok,5,5.9924,5.4077,6.3775,174982916.1,174982248.6,1048576,1712,0.0016300290967810735,0,77.82,625.66,0.0,0.0,527943184,-,0
uniform-ins-K1,2pl,ok,5,3.0546,3.028,3.6956,343278590.5,343277281.0,1048576,0,0.0,0,61.44,153.6,0.0,0.0,84372352,-,0
uniform-ins-K1,stm,ok,5,6.6028,6.1932,7.2274,158808928.0,158808322.2,1048576,38672,0.03556870189689933,0,128.0,592.9,0.0,0.0,84372352,-,0
uniform-ins-K1,stm-nodeg,ok,5,3.9629,3.9598,4.5865,264599490.1,264598480.8,1048576,8172,0.007733158709550432,0,79.87,267.26,0.0,0.0,84372352,-,0
uniform-ins-K1,nontx,ok,5,2.346,2.3398,2.944,446966393.6,446964688.6,1048576,0,0.0,0,43.01,102.4,0.0,0.0,84372352,-,0
uniform-ins-K2,gtx,ok,5,6.2894,5.3268,6.3396,83360466.2,166720137.3,524288,0,0.0,0,155.65,715.78,0.0,0.0,520729376,-,0
uniform-ins-K2,gtx-cons,ok,5,6.3642,5.8081,6.399,82381334.7,164761883.7,524288,3395,0.006433786951635736,0,154.62,719.87,0.0,0.0,525541736,-,0
uniform-ins-K2,2pl,ok,5,3.1416,3.1181,3.1611,166883959.2,333766327.0,524288,0,0.0,0,133.12,351.23,0.0,0.0,84373280,-,0
uniform-ins-K2,stm,ok,5,8.4009,7.9452,9.0266,62408580.6,124816566.1,524288,93596,0.15147827100232406,0,324.61,1422.34,0.0,0.0,84373280,-,0
uniform-ins-K2,stm-nodeg,ok,5,5.3473,4.3233,5.3535,98046722.0,196092508.9,524288,18109,0.03338698407255202,0,185.34,971.78,0.0,0.0,84373280,-,0
uniform-ins-K2,nontx,ok,5,2.0972,2.0869,2.7791,250000000.6,499997617.1,524288,0,0.0,0,86.02,173.06,0.0,0.0,84373280,-,0
uniform-ins-K32,gtx,ok,5,7.4394,7.2663,7.808,4404679.9,140949487.6,32768,0,0.0,0,3031.04,3872.77,0.0,0.0,516144320,-,0
uniform-ins-K32,gtx-cons,ok,5,13.3591,12.97,13.782,2452859.1,78491341.0,32768,27279,0.4542941362599297,0,2491.39,11382.78,0.0,0.0,654984048,-,0
uniform-ins-K32,2pl,ok,5,11.5231,11.266,11.6726,2843686.1,90997780.6,32768,0,0.0,0,6548.48,10363.9,0.0,0.0,84360768,-,0
uniform-ins-K32,stm,ok,5,573.9427,484.5507,764.9597,57092.8,1826966.4,32768,11388427,0.9971309482063829,0,358277.12,565093.38,0.0,0.0,84360768,-,0
uniform-ins-K32,stm-nodeg,ok,5,85.1446,83.7489,87.1752,384851.3,12315217.7,32768,782153,0.9597899673710704,0,44883.97,80183.3,0.0,0.0,84360768,-,0
uniform-ins-K32,nontx,ok,5,2.1955,2.1729,2.8826,14925372.9,477611023.2,32768,0,0.0,0,1575.94,2018.3,0.0,0.0,84360768,-,0
uniform-ins-K4,gtx,ok,5,5.9812,5.589,6.1542,43828111.6,175311610.4,262144,0,0.0,0,321.54,746.5,0.0,0.0,518750208,-,0
uniform-ins-K4,gtx-cons,ok,5,6.3263,6.2054,6.4307,41437358.3,165748642.8,262144,6631,0.024671193377360245,0,316.42,900.1,0.0,0.0,526874680,-,0
uniform-ins-K4,2pl,ok,5,3.8267,3.4857,4.0765,68504146.8,274015280.6,262144,0,0.0,0,304.13,1000.45,0.0,0.0,84382944,-,0
uniform-ins-K4,stm,ok,5,15.4706,15.4419,15.5709,16944665.6,67778339.1,262144,244572,0.4826608988072214,0,1111.04,5741.57,0.0,0.0,84382944,-,0
uniform-ins-K4,stm-nodeg,ok,5,5.8399,5.419,6.102,44888656.0,179553767.8,262144,38476,0.12798882309892887,0,454.66,1802.24,0.0,0.0,84382944,-,0
uniform-ins-K4,nontx,ok,5,2.0122,2.0111,2.0183,130279894.2,521117091.7,262144,0,0.0,0,174.08,337.92,0.0,0.0,84382944,-,0
uniform-ins-K8,gtx,ok,5,6.3662,5.9924,6.5495,20588708.1,164709036.7,131072,0,0.0,0,689.15,1152.0,0.0,0.0,517877056,-,0
uniform-ins-K8,gtx-cons,ok,5,7.0932,7.04,7.383,18478418.1,147826780.6,131072,12232,0.08535700329369732,0,643.07,2353.15,0.0,0.0,537661064,-,0
uniform-ins-K8,2pl,ok,5,4.8599,4.439,5.2244,26970081.1,215759825.8,131072,0,0.0,0,738.3,2833.41,0.0,0.0,84388480,-,0
uniform-ins-K8,stm,ok,5,45.5875,45.3171,46.2664,2875176.9,23001327.5,131072,951975,0.8789784746183683,0,6290.43,34125.82,0.0,0.0,84388480,-,0
uniform-ins-K8,stm-nodeg,ok,5,9.2365,9.1822,10.4223,14190687.7,113525068.8,131072,91060,0.40993643419228204,0,1274.88,5817.34,0.0,0.0,84388480,-,0
uniform-ins-K8,nontx,ok,5,2.1268,2.1217,2.8201,61627347.6,493016900.4,131072,0,0.0,0,371.71,772.1,0.0,0.0,84388480,-,0
uniform-readers50-K4,gtx,ok,5,4.4534,4.4472,5.3996,58864109.1,116135269.4,262144,1795,0.006800813824406397,0,245.76,483.33,244.74,307.2,477776120,-,0
uniform-readers50-K4,gtx-cons,ok,5,5.0401,4.8701,5.0534,52011375.1,102612667.0,262144,3213,0.012108216478178453,0,247.81,833.54,245.76,822.27,481640376,-,0
uniform-readers50-K4,2pl,ok,5,3.4478,3.4058,3.8472,76032075.4,149997040.4,262144,0,0.0,0,282.62,724.99,320.51,688.13,77361952,-,0
uniform-readers50-K4,stm,ok,5,11.7883,11.7176,11.8231,22237664.8,43854628.8,262144,106105,0.28813384421953625,0,1222.66,5194.75,503.81,3113.98,77361952,-,0
uniform-readers50-K4,stm-nodeg,ok,5,6.0989,5.4497,6.1594,42981865.7,84799267.6,262144,27366,0.0945252322890401,0,595.97,2049.02,332.8,1769.47,77361952,-,0
uniform-readers50-K4,nontx,ok,5,1.9886,1.9773,2.6368,131822862.9,260009513.8,262144,0,0.0,0,160.77,338.94,178.18,387.07,77361952,-,0
uniform-readers50-K4-lanescan,gtx,ok,5,5.2685,4.6961,5.6463,49757047.3,98169114.7,262144,1772,0.006714257566801558,0,261.12,856.06,260.1,849.92,477757248,-,0
uniform-readers50-K4-lanescan,gtx-cons,ok,5,4.7268,4.7053,5.1456,55459269.4,109416037.4,262144,3233,0.012182668430195533,0,259.07,723.97,257.02,325.63,481626704,-,0
uniform-readers50-K4-roCoop,gtx,ok,5,4.4605,4.4052,4.994,58769511.9,115947513.9,262144,1764,0.006684147505949043,0,244.74,478.21,242.69,305.15,477738496,-,0
uniform-readers50-K4-roCoop,gtx-cons,ok,5,4.4636,4.4339,5.0401,58729067.7,115863912.2,262144,3253,0.012257109160992777,0,243.71,685.06,241.66,305.15,481689328,-,0
uniform-readers50-K4-roCoop,2pl,ok,5,2.7648,2.7453,2.7924,94814812.4,187100689.6,262144,13,4.958860530140336e-05,0,80.9,264.19,164.86,347.14,77361952,-,0
uniform-readers50-K4-roCoop,stm,ok,5,9.0204,8.8136,9.0767,29061186.6,57344249.4,262144,44740,0.14578798503669138,0,400.38,1196.03,517.12,1204.22,77361952,-,0
uniform-readers50-K4-roCoop,stm-nodeg,ok,5,4.7165,4.3284,4.9377,55579676.9,109675852.4,262144,15768,0.05673738449581162,0,214.02,690.18,307.2,773.12,77361952,-,0
uniform-readers50-K4-roCoop,nontx,ok,5,1.6609,1.6497,1.666,157829838.7,311389775.2,262144,0,0.0,0,57.34,151.55,117.76,212.99,77361952,-,0
zipf-churn-K4,gtx,ok,5,7.5612,7.1782,7.596,34669556.4,132654194.3,262144,6472,0.024093873782648836,0,389.12,1131.52,0.0,0.0,757558080,-,0
zipf-churn-K4,gtx-cons,ok,5,7.5878,7.5817,7.7373,34547907.9,132185310.9,262144,11908,0.04345160772408156,0,380.93,1174.53,0.0,0.0,761330200,-,0
zipf-churn-K4,2pl,DNF>90000,0,,,,,,,,,,,,,,,,
zipf-churn-K4,stm,ok,5,1349.1394,1347.5789,1646.9535,95271.8,358659.7,128535,598840731,0.9997854063517175,133609,2553.86,311656.45,0.0,0.0,103878816,-,0
zipf-churn-K4,stm-nodeg,ok,5,6.7492,6.4328,7.0257,38840842.8,148611444.1,262144,49882,0.15986488305461724,0,500.74,2104.32,0.0,0.0,103878816,-,0
zipf-churn-K4,nontx,ok,5,1.9651,1.9548,2.5754,133402817.9,510321349.3,262144,0,0.0,0,166.91,351.23,0.0,0.0,103878816,-,0
zipf-readers50-K4,gtx,ok,5,438.1051,429.226,443.0735,598358.7,1163456.0,262144,3054,0.011515923951161019,0,15870.98,91682.82,16987.14,90153.98,626078320,-,0
zipf-readers50-K4,gtx-cons,ok,5,445.2751,440.0107,449.7429,588723.6,1144656.3,262144,4825,0.01807325944210751,0,16908.29,96079.87,17745.92,88500.22,629047080,-,0
zipf-readers50-K4,2pl,DNF>90000,0,,,,,,,,,,,,,,,,
zipf-readers50-K4,stm,ok,5,2929.6477,2882.0449,2945.6128,70306.1,98740.5,205972,269960691,0.9992376113406709,56172,2813.95,500605.95,241.66,2321400.83,99717856,-,0
zipf-readers50-K4,stm-nodeg,ok,5,1110.4686,1038.4507,1500.5901,236066.1,459210.6,262144,373911,0.5878595404485462,0,342.02,1100.8,184.32,501351.42,99717856,-,0
zipf-readers50-K4,nontx,ok,5,392.1777,369.5493,437.4927,668431.7,1299969.5,262144,0,0.0,0,162.82,4730.88,206.85,294938.62,99717856,-,0
zipf-readers50-K4-lanescan,gtx,ok,5,2576.6716,2477.4255,2764.5256,101737.4,197819.5,262144,4838,0.018121071832558,0,92881.92,484299.78,97844.22,455243.78,626629040,-,0
zipf-readers50-K4-lanescan,gtx-cons,ok,5,2487.512,2478.4097,2526.3789,105384.0,204896.7,262144,13744,0.049817317172185814,0,88914.94,501075.97,94940.16,436760.58,630441200,-,0
zipf-readers50-K4-roCoop,gtx,ok,5,442.3311,431.9887,444.4242,592642.0,1152281.5,262144,2376,0.008982307575986693,0,16180.22,94101.5,17015.81,91498.5,626010048,-,0
zipf-readers50-K4-roCoop,gtx-cons,ok,5,439.0236,436.6418,448.3215,597106.8,1160962.6,262144,4945,0.018514427775011326,0,15835.14,95494.14,16848.9,88285.18,629468424,-,0
zipf-readers50-K4-roCoop,2pl,DNF>120000,0,,,,,,,,,,,,,,,,
zipf-readers50-K4-roCoop,stm,DNF>120000,0,,,,,,,,,,,,,,,,
zipf-readers50-K4-roCoop,stm-nodeg,DNF>120000,0,,,,,,,,,,,,,,,,
zipf-readers50-K4-roCoop,nontx,ok,5,212.2496,205.824,223.3815,1235074.2,2403029.2,262144,0,0.0,0,25.6,124.93,12212.22,50071.55,99717856,-,0
