id,title,authors,venue_year,version_checked,url,local_copy,artifact_url,artifact_status_2026-09-28,verified_facts,verification_method
GPMA-TR,Technical Report: Accelerating Dynamic Graph Analytics on GPUs,"Sha, Li, He, Tan",arXiv 1709.05061 (v1 2017-09-15; v2 2018-06-27),v2,https://arxiv.org/abs/1709.05061,literature/pdfs/gpma_techreport_1709.05061v2.pdf,https://github.com/desert0616/gpma_demo,200 (commit 080aa6d 2023-06-19),"GPMA+ lock-free segment-oriented updates (Sec 5); Fig. 7 update latency vs sliding batch size 1..1M (base 2); 'GPMA+ has speedups of up to 20.42x and 18.30x against PMA and GPMA' (Sec 6.2); GPMA faster than GPMA+ for small batches; 3x GeForce TITAN X, i7-5820k, CUDA 7.5; datasets Reddit/Pokec/Graph500/Random (Table 2)",full-text extraction + grep (pymupdf)
GPMA-VLDB,Accelerating Dynamic Graph Analytics on GPUs,"Sha, Li, He, Tan",PVLDB 11(1) 2017,published,https://www.vldb.org/pvldb/vol11/p107-sha.pdf,literature/pdfs/gpma_vldb2017.pdf,https://github.com/desert0616/gpma_demo,200,"same algorithms as TR; TR used for exact numbers",downloaded
LPMA,An Efficient Data Structure for Dynamic Graph on GPUs,"Zou, Zhang, Lin, Yu",IEEE TKDE (PKU preprint),preprint PDF,https://mod.wict.pku.edu.cn/docs/20230529103145853707.pdf,literature/pdfs/lpma_pku.pdf,https://github.com/pkumod/LPMA,200,"Sec 7.3 Fig 13: 'When edges arrive in 10^4 batches, LPMA-H has 6-9x speedups over GPMA+. In 10^5 batches, LPMA-H has 10-20x'; HashBased (Awad et al.) 'outperforms LPMA, Hornet and faimGraph significantly' on updates; Hornet faster than LPMA-H/GPMA+/faimGraph at 10^4 batches; Tesla P100, Xeon E5-2640, CUDA 7.5",full-text extraction + grep
SLABGRAPH,Dynamic Graphs on the GPU,"Awad, Ashkiani, Porumbescu, Owens",IPDPS 2020,eScholarship PDF,https://escholarship.org/uc/item/48j4k7np,literature/pdfs/slabgraph_awad_ipdps2020.pdf,https://github.com/owensgroup/SlabHash (hash table); graph code via Meerkat fork,200,"Table II mean insertion MEdge/s at batch 2^16: Hornet 33.67 faimGraph 92.47 ours 501.33; 2^19: 70.81/188.98/641.25; 2^22: 110.89/-/646.01; speedup 5.8-14.8x vs Hornet and 3.4-5.4x vs faimGraph; Table III deletions; TITAN V 12GB; timings exclude CPU-GPU transfer; faimGraph page 128 B; faimGraph supports batches < 1M",full-text extraction + grep
MEERKAT-PRE,Meerkat: A Framework for Dynamic Graph Algorithms on GPUs,"Concessao, Cheramangalath, Dev, Nasre",arXiv 2305.17813 v1 (2023-05-28) and v2 (2023-06-02),v1 and v2,https://arxiv.org/abs/2305.17813,literature/pdfs/meerkat_2305.17813v1.pdf; meerkat_2305.17813_latest.pdf,https://github.com/meerkat-pkd/Meerkat,200 (SlabHash submodule: github.com/KevinJudeConcessao/SlabHash 200),"vs Hornet: 12.6x query, 12.94x bulk insert, 6.1x bulk delete; BFS 1.17x SSSP 1.32x PageRank 1.74x WCC 6.08x on average; v2 adds Hornet 31.12x (up to 59.34x) faster on triangle counting; NVIDIA RTX 2080 Ti; builds on SlabGraph",full-text extraction + grep
MEERKAT-J,Meerkat (journal version),"Concessao et al.",Int. J. Parallel Programming 2024,not retrieved,,,,,"recorded separately from the preprint per plan; numbers NOT verified here",not verified
HORNET,Hornet: An Efficient Data Structure for Dynamic Sparse Graphs and Matrices on GPUs,"Busato, Green, Bombieri, Bader",HPEC 2018,metadata only,https://doi.org/10.1109/HPEC.2018.8547541,,https://github.com/hornet-gt/hornet,200,"insertion/deletion rates used here come from SlabGraph Table II/III and LPMA Fig 13 (third-party measurements); Hornet paper's own tables NOT verified",web search (metadata)
FAIMGRAPH,faimGraph: High Performance Management of Fully-Dynamic Graphs Under Tight Memory Constraints on the GPU,"Winter, Mlakar, Zayer, Seidel, Steinberger",SC18 pp. 754-766,metadata only,https://sc18.supercomputing.org/proceedings/tech_paper/tech_paper_pages/pap167.html,,https://github.com/GPUPeople/faimGraph,200,"GPU-autonomous memory management with full reclamation (per abstract); page-based adjacency; paper's own numbers NOT verified",web search (metadata)
GTX,GTX: A Write-Optimized Latch-free Graph Data System with Transactional Support (Extended Version),"Zhou, Xing, Rayhan, Aref",arXiv 2405.01418 v2 (SIGMOD 2025),v2,https://arxiv.org/abs/2405.01418,literature/pdfs/gtx_2405.01418v2.pdf,https://github.com/Jiboxiake/GTX-SIGMOD2025,200,"SI only (Sec 5: 'GTX supports Snapshot Isolation (SI) transactions'); delta-chain locking via lock bit in delta-chains index, abort on conflict (Sec 6.1); global read/write epochs as in LiveGraph; hybrid group commit; up to 2x and 11x higher txn throughput than best competitor (random-order / timestamp-ordered power-law edge insertions); up to 5.3x (write-heavy) and 3.7x (balanced) with concurrent analytics; 0.95x-2x slower analytics; compared with LiveGraph, Teseo, Sortledton; Xeon Platinum 8368 (38 cores/NUMA node)",full-text extraction + grep
SURVEY25,Towards Sufficient GPU-accelerated Dynamic Graph Management: Survey and Experiment,"Lin, Zou, Su",PVLDB 18 (p599) 2025,published,https://www.vldb.org/pvldb/vol18/p599-lin.pdf,literature/pdfs/survey_vldb2025_p599.pdf,https://github.com/pkumod/GPU_DGM,404 (checked 2026-09-28),"artifact URL advertised in paper returns 404",curl HTTP status
CSMV,CSMV: A Highly Scalable Multi-Versioned Software Transactional Memory for GPUs,"Nunes, Castro, Romano",IPDPS 2022 pp. 526-536; JPDC 180 (2023),metadata only,https://ieeexplore.ieee.org/document/9820634/,,https://github.com/DMRNunes/csmv-gpu-stm,not checked,"client-server multi-versioned GPU STM; 'up to 3 orders of magnitude' vs GPU STMs (abstract)",web search (metadata)
GPUSTM,Software Transactional Memory for GPU Architectures,"Xu, Wang, Goswami, Li, Gao, Qian",CGO 2014,metadata only,https://dl.acm.org/doi/10.1145/2544137.2544139,,,,"word- and lock-based GPU STM (encounter-time lock sorting, hierarchical validation per project notes)",web search (metadata)
TL2,Transactional Locking II,"Dice, Shalev, Shavit",DISC 2006,not retrieved,,,,,"design reference for the STM baseline (global version clock, commit-time locking, read-only txns without read set)",background knowledge; not a numeric source
SILO,Speedy Transactions in Multicore In-Memory Databases,"Tu, Zheng, Kohler, Liskov, Madden",SOSP 2013,not retrieved,,,,,"design reference: lock write set, read global epoch, then validate reads (epoch before validation) -- adopted as invariant I5",background knowledge; cited by GTX Sec 5
